,Country,Utility,Document_link,Date_start,Date_end,$local,Component,Unit,Charge,Tariff_code
1,Argentina,EDENOR,https://www.enre.gov.ar/web/Tarifasd.nsf/todoscuadros/0A852DD6B52020210325823B005E0586?opendocument,2017-08-01,2017-08-31,ARS,Cargo Fijo hasta 0-150,$/mes,9.92,Tarifa 1 -R1 Tarifa Social con ahorro
2,Argentina,EDENOR,https://www.enre.gov.ar/web/Tarifasd.nsf/todoscuadros/0A852DD6B52020210325823B005E0586?opendocument,2017-08-01,2017-08-31,ARS,Cargo Variable 0-150,$/kWh,0.0,Tarifa 1 -R1 Tarifa Social con ahorro
1,Argentina,EDENOR,https://www.enre.gov.ar/web/Tarifasd.nsf/todoscuadros/0A852DD6B52020210325823B005E0586?opendocument,2017-08-01,2017-08-31,ARS,Cargo Fijo hasta 0-150,$/mes,9.92,"Tarifa 1 -R1 Tarifa Social sin ahorro excedente 150 kWh/mes, por el consumo hasta 600 kWh/mes"
2,Argentina,EDENOR,https://www.enre.gov.ar/web/Tarifasd.nsf/todoscuadros/0A852DD6B52020210325823B005E0586?opendocument,2017-08-01,2017-08-31,ARS,Cargo Variable 0-150,$/kWh,0.0,"Tarifa 1 -R1 Tarifa Social sin ahorro excedente 150 kWh/mes, por el consumo hasta 600 kWh/mes"
1,Argentina,EDENOR,https://www.enre.gov.ar/web/Tarifasd.nsf/todoscuadros/0A852DD6B52020210325823B005E0586?opendocument,2017-08-01,2017-08-31,ARS,Cargo Fijo hasta 0-150,$/mes,,Tarifa 1 -R1 Tarifa Social sin ahorro por el excedente de 600 kWh/mes
2,Argentina,EDENOR,https://www.enre.gov.ar/web/Tarifasd.nsf/todoscuadros/0A852DD6B52020210325823B005E0586?opendocument,2017-08-01,2017-08-31,ARS,Cargo Variable 0-150,$/kWh,,Tarifa 1 -R1 Tarifa Social sin ahorro por el excedente de 600 kWh/mes
1,Argentina,EDESUR,https://www.enre.gov.ar/web/Tarifasd.nsf/todoscuadros/0A852DD6B52020210325823B005E0586?opendocument,2017-08-01,2017-08-31,ARS,Cargo Fijo hasta 0-150,$/mes,11.04,Tarifa 1 -R1 Tarifa Social con ahorro
2,Argentina,EDESUR,https://www.enre.gov.ar/web/Tarifasd.nsf/todoscuadros/0A852DD6B52020210325823B005E0586?opendocument,2017-08-01,2017-08-31,ARS,Cargo Variable 0-150,$/kWh,0.0,Tarifa 1 -R1 Tarifa Social con ahorro
1,Argentina,EDESUR,https://www.enre.gov.ar/web/Tarifasd.nsf/todoscuadros/0A852DD6B52020210325823B005E0586?opendocument,2017-08-01,2017-08-31,ARS,Cargo Fijo hasta 0-150,$/mes,11.04,"Tarifa 1 -R1 Tarifa Social sin ahorro excedente 150 kWh/mes, por el consumo hasta 600 kWh/mes"
2,Argentina,EDESUR,https://www.enre.gov.ar/web/Tarifasd.nsf/todoscuadros/0A852DD6B52020210325823B005E0586?opendocument,2017-08-01,2017-08-31,ARS,Cargo Variable 0-150,$/kWh,0.0,"Tarifa 1 -R1 Tarifa Social sin ahorro excedente 150 kWh/mes, por el consumo hasta 600 kWh/mes"
1,Argentina,EDESUR,https://www.enre.gov.ar/web/Tarifasd.nsf/todoscuadros/0A852DD6B52020210325823B005E0586?opendocument,2017-08-01,2017-08-31,ARS,Cargo Fijo hasta 0-150,$/mes,,Tarifa 1 -R1 Tarifa Social sin ahorro por el excedente de 600 kWh/mes
2,Argentina,EDESUR,https://www.enre.gov.ar/web/Tarifasd.nsf/todoscuadros/0A852DD6B52020210325823B005E0586?opendocument,2017-08-01,2017-08-31,ARS,Cargo Variable 0-150,$/kWh,,Tarifa 1 -R1 Tarifa Social sin ahorro por el excedente de 600 kWh/mes
1,Argentina,EDENOR,https://www.enre.gov.ar/web/Tarifasd.nsf/todoscuadros/0A852DD6B52020210325823B005E0586?opendocument,2017-08-01,2017-08-31,ARS,Cargo Fijo 151-325,$/mes ,19.84,Tarifa 1 -R2 Tarifa Social con ahorro
2,Argentina,EDENOR,https://www.enre.gov.ar/web/Tarifasd.nsf/todoscuadros/0A852DD6B52020210325823B005E0586?opendocument,2017-08-01,2017-08-31,ARS,Cargo Variable 151-325,$/kWh,0.299,Tarifa 1 -R2 Tarifa Social con ahorro
1,Argentina,EDENOR,https://www.enre.gov.ar/web/Tarifasd.nsf/todoscuadros/0A852DD6B52020210325823B005E0586?opendocument,2017-08-01,2017-08-31,ARS,Cargo Fijo 151-325,$/mes ,19.84,"Tarifa 1 -R2 Tarifa Social sin ahorro excedente 150 kWh/mes, por el consumo hasta 600 kWh/mes"
2,Argentina,EDENOR,https://www.enre.gov.ar/web/Tarifasd.nsf/todoscuadros/0A852DD6B52020210325823B005E0586?opendocument,2017-08-01,2017-08-31,ARS,Cargo Variable 151-325,$/kWh,0.552,"Tarifa 1 -R2 Tarifa Social sin ahorro excedente 150 kWh/mes, por el consumo hasta 600 kWh/mes"
1,Argentina,EDENOR,https://www.enre.gov.ar/web/Tarifasd.nsf/todoscuadros/0A852DD6B52020210325823B005E0586?opendocument,2017-08-01,2017-08-31,ARS,Cargo Fijo 151-325,$/mes ,,Tarifa 1 -R2 Tarifa Social sin ahorro por el excedente de 600 kWh/mes
2,Argentina,EDENOR,https://www.enre.gov.ar/web/Tarifasd.nsf/todoscuadros/0A852DD6B52020210325823B005E0586?opendocument,2017-08-01,2017-08-31,ARS,Cargo Variable 151-325,$/kWh,,Tarifa 1 -R2 Tarifa Social sin ahorro por el excedente de 600 kWh/mes
1,Argentina,EDESUR,https://www.enre.gov.ar/web/Tarifasd.nsf/todoscuadros/0A852DD6B52020210325823B005E0586?opendocument,2017-08-01,2017-08-31,ARS,Cargo Fijo 151-325,$/mes ,22.08,Tarifa 1 -R2 Tarifa Social con ahorro
2,Argentina,EDESUR,https://www.enre.gov.ar/web/Tarifasd.nsf/todoscuadros/0A852DD6B52020210325823B005E0586?opendocument,2017-08-01,2017-08-31,ARS,Cargo Variable 151-325,$/kWh,0.322,Tarifa 1 -R2 Tarifa Social con ahorro
1,Argentina,EDESUR,https://www.enre.gov.ar/web/Tarifasd.nsf/todoscuadros/0A852DD6B52020210325823B005E0586?opendocument,2017-08-01,2017-08-31,ARS,Cargo Fijo 151-325,$/mes ,22.08,"Tarifa 1 -R2 Tarifa Social sin ahorro excedente 150 kWh/mes, por el consumo hasta 600 kWh/mes"
2,Argentina,EDESUR,https://www.enre.gov.ar/web/Tarifasd.nsf/todoscuadros/0A852DD6B52020210325823B005E0586?opendocument,2017-08-01,2017-08-31,ARS,Cargo Variable 151-325,$/kWh,0.575,"Tarifa 1 -R2 Tarifa Social sin ahorro excedente 150 kWh/mes, por el consumo hasta 600 kWh/mes"
1,Argentina,EDESUR,https://www.enre.gov.ar/web/Tarifasd.nsf/todoscuadros/0A852DD6B52020210325823B005E0586?opendocument,2017-08-01,2017-08-31,ARS,Cargo Fijo 151-325,$/mes ,,Tarifa 1 -R2 Tarifa Social sin ahorro por el excedente de 600 kWh/mes
2,Argentina,EDESUR,https://www.enre.gov.ar/web/Tarifasd.nsf/todoscuadros/0A852DD6B52020210325823B005E0586?opendocument,2017-08-01,2017-08-31,ARS,Cargo Variable 151-325,$/kWh,,Tarifa 1 -R2 Tarifa Social sin ahorro por el excedente de 600 kWh/mes
1,Argentina,EDENOR,https://www.enre.gov.ar/web/Tarifasd.nsf/todoscuadros/0A852DD6B52020210325823B005E0586?opendocument,2017-08-01,2017-08-31,ARS,Cargo Fijo 326-400,$/bim,29.76,Tarifa 1 -R3 Tarifa Social con ahorro
2,Argentina,EDENOR,https://www.enre.gov.ar/web/Tarifasd.nsf/todoscuadros/0A852DD6B52020210325823B005E0586?opendocument,2017-08-01,2017-08-31,ARS,Cargo Variable 326-400,$/kWh,0.332,Tarifa 1 -R3 Tarifa Social con ahorro
1,Argentina,EDENOR,https://www.enre.gov.ar/web/Tarifasd.nsf/todoscuadros/0A852DD6B52020210325823B005E0586?opendocument,2017-08-01,2017-08-31,ARS,Cargo Fijo 326-400,$/bim,29.76,"Tarifa 1 -R3 Tarifa Social sin ahorro excedente 150 kWh/mes, por el consumo hasta 600 kWh/mes"
2,Argentina,EDENOR,https://www.enre.gov.ar/web/Tarifasd.nsf/todoscuadros/0A852DD6B52020210325823B005E0586?opendocument,2017-08-01,2017-08-31,ARS,Cargo Variable 326-400,$/kWh,0.585,"Tarifa 1 -R3 Tarifa Social sin ahorro excedente 150 kWh/mes, por el consumo hasta 600 kWh/mes"
1,Argentina,EDENOR,https://www.enre.gov.ar/web/Tarifasd.nsf/todoscuadros/0A852DD6B52020210325823B005E0586?opendocument,2017-08-01,2017-08-31,ARS,Cargo Fijo 326-400,$/bim,,Tarifa 1 -R3 Tarifa Social sin ahorro por el excedente de 600 kWh/mes
2,Argentina,EDENOR,https://www.enre.gov.ar/web/Tarifasd.nsf/todoscuadros/0A852DD6B52020210325823B005E0586?opendocument,2017-08-01,2017-08-31,ARS,Cargo Variable 326-400,$/kWh,,Tarifa 1 -R3 Tarifa Social sin ahorro por el excedente de 600 kWh/mes
1,Argentina,EDESUR,https://www.enre.gov.ar/web/Tarifasd.nsf/todoscuadros/0A852DD6B52020210325823B005E0586?opendocument,2017-08-01,2017-08-31,ARS,Cargo Fijo 326-400,$/bim,33.11,Tarifa 1 -R3 Tarifa Social con ahorro
2,Argentina,EDESUR,https://www.enre.gov.ar/web/Tarifasd.nsf/todoscuadros/0A852DD6B52020210325823B005E0586?opendocument,2017-08-01,2017-08-31,ARS,Cargo Variable 326-400,$/kWh,0.36,Tarifa 1 -R3 Tarifa Social con ahorro
1,Argentina,EDESUR,https://www.enre.gov.ar/web/Tarifasd.nsf/todoscuadros/0A852DD6B52020210325823B005E0586?opendocument,2017-08-01,2017-08-31,ARS,Cargo Fijo 326-400,$/bim,33.11,"Tarifa 1 -R3 Tarifa Social sin ahorro excedente 150 kWh/mes, por el consumo hasta 600 kWh/mes"
2,Argentina,EDESUR,https://www.enre.gov.ar/web/Tarifasd.nsf/todoscuadros/0A852DD6B52020210325823B005E0586?opendocument,2017-08-01,2017-08-31,ARS,Cargo Variable 326-400,$/kWh,0.613,"Tarifa 1 -R3 Tarifa Social sin ahorro excedente 150 kWh/mes, por el consumo hasta 600 kWh/mes"
1,Argentina,EDESUR,https://www.enre.gov.ar/web/Tarifasd.nsf/todoscuadros/0A852DD6B52020210325823B005E0586?opendocument,2017-08-01,2017-08-31,ARS,Cargo Fijo 326-400,$/bim,,Tarifa 1 -R3 Tarifa Social sin ahorro por el excedente de 600 kWh/mes
2,Argentina,EDESUR,https://www.enre.gov.ar/web/Tarifasd.nsf/todoscuadros/0A852DD6B52020210325823B005E0586?opendocument,2017-08-01,2017-08-31,ARS,Cargo Variable 326-400,$/kWh,,Tarifa 1 -R3 Tarifa Social sin ahorro por el excedente de 600 kWh/mes
1,Argentina,EDENOR,https://www.enre.gov.ar/web/Tarifasd.nsf/todoscuadros/0A852DD6B52020210325823B005E0586?opendocument,2017-08-01,2017-08-31,ARS,Cargo Fijo 401-450,$/bim,39.68,Tarifa 1 -R4 Tarifa Social con ahorro
2,Argentina,EDENOR,https://www.enre.gov.ar/web/Tarifasd.nsf/todoscuadros/0A852DD6B52020210325823B005E0586?opendocument,2017-08-01,2017-08-31,ARS,Cargo Variable 401-450,$/kWh,0.382,Tarifa 1 -R4 Tarifa Social con ahorro
1,Argentina,EDENOR,https://www.enre.gov.ar/web/Tarifasd.nsf/todoscuadros/0A852DD6B52020210325823B005E0586?opendocument,2017-08-01,2017-08-31,ARS,Cargo Fijo 401-450,$/bim,39.68,"Tarifa 1 -R4 Tarifa Social sin ahorro excedente 150 kWh/mes, por el consumo hasta 600 kWh/mes"
2,Argentina,EDENOR,https://www.enre.gov.ar/web/Tarifasd.nsf/todoscuadros/0A852DD6B52020210325823B005E0586?opendocument,2017-08-01,2017-08-31,ARS,Cargo Variable 401-450,$/kWh,0.634,"Tarifa 1 -R4 Tarifa Social sin ahorro excedente 150 kWh/mes, por el consumo hasta 600 kWh/mes"
1,Argentina,EDENOR,https://www.enre.gov.ar/web/Tarifasd.nsf/todoscuadros/0A852DD6B52020210325823B005E0586?opendocument,2017-08-01,2017-08-31,ARS,Cargo Fijo 401-450,$/bim,,Tarifa 1 -R4 Tarifa Social sin ahorro por el excedente de 600 kWh/mes
2,Argentina,EDENOR,https://www.enre.gov.ar/web/Tarifasd.nsf/todoscuadros/0A852DD6B52020210325823B005E0586?opendocument,2017-08-01,2017-08-31,ARS,Cargo Variable 401-450,$/kWh,,Tarifa 1 -R4 Tarifa Social sin ahorro por el excedente de 600 kWh/mes
1,Argentina,EDESUR,https://www.enre.gov.ar/web/Tarifasd.nsf/todoscuadros/0A852DD6B52020210325823B005E0586?opendocument,2017-08-01,2017-08-31,ARS,Cargo Fijo 401-450,$/bim,44.15,Tarifa 1 -R4 Tarifa Social con ahorro
2,Argentina,EDESUR,https://www.enre.gov.ar/web/Tarifasd.nsf/todoscuadros/0A852DD6B52020210325823B005E0586?opendocument,2017-08-01,2017-08-31,ARS,Cargo Variable 401-450,$/kWh,0.417,Tarifa 1 -R4 Tarifa Social con ahorro
1,Argentina,EDESUR,https://www.enre.gov.ar/web/Tarifasd.nsf/todoscuadros/0A852DD6B52020210325823B005E0586?opendocument,2017-08-01,2017-08-31,ARS,Cargo Fijo 401-450,$/bim,44.15,"Tarifa 1 -R4 Tarifa Social sin ahorro excedente 150 kWh/mes, por el consumo hasta 600 kWh/mes"
2,Argentina,EDESUR,https://www.enre.gov.ar/web/Tarifasd.nsf/todoscuadros/0A852DD6B52020210325823B005E0586?opendocument,2017-08-01,2017-08-31,ARS,Cargo Variable 401-450,$/kWh,0.669,"Tarifa 1 -R4 Tarifa Social sin ahorro excedente 150 kWh/mes, por el consumo hasta 600 kWh/mes"
1,Argentina,EDESUR,https://www.enre.gov.ar/web/Tarifasd.nsf/todoscuadros/0A852DD6B52020210325823B005E0586?opendocument,2017-08-01,2017-08-31,ARS,Cargo Fijo 401-450,$/bim,,Tarifa 1 -R4 Tarifa Social sin ahorro por el excedente de 600 kWh/mes
2,Argentina,EDESUR,https://www.enre.gov.ar/web/Tarifasd.nsf/todoscuadros/0A852DD6B52020210325823B005E0586?opendocument,2017-08-01,2017-08-31,ARS,Cargo Variable 401-450,$/kWh,,Tarifa 1 -R4 Tarifa Social sin ahorro por el excedente de 600 kWh/mes
1,Argentina,EDENOR,https://www.enre.gov.ar/web/Tarifasd.nsf/todoscuadros/0A852DD6B52020210325823B005E0586?opendocument,2017-08-01,2017-08-31,ARS,Cargo Fijo 451-500,$/bim,59.52,Tarifa 1 -R5 Tarifa Social con ahorro
2,Argentina,EDENOR,https://www.enre.gov.ar/web/Tarifasd.nsf/todoscuadros/0A852DD6B52020210325823B005E0586?opendocument,2017-08-01,2017-08-31,ARS,Cargo Variable 451-500,$/kWh,0.431,Tarifa 1 -R5 Tarifa Social con ahorro
1,Argentina,EDENOR,https://www.enre.gov.ar/web/Tarifasd.nsf/todoscuadros/0A852DD6B52020210325823B005E0586?opendocument,2017-08-01,2017-08-31,ARS,Cargo Fijo 451-500,$/bim,59.52,"Tarifa 1 -R5 Tarifa Social sin ahorro excedente 150 kWh/mes, por el consumo hasta 600 kWh/mes"
2,Argentina,EDENOR,https://www.enre.gov.ar/web/Tarifasd.nsf/todoscuadros/0A852DD6B52020210325823B005E0586?opendocument,2017-08-01,2017-08-31,ARS,Cargo Variable 451-500,$/kWh,0.684,"Tarifa 1 -R5 Tarifa Social sin ahorro excedente 150 kWh/mes, por el consumo hasta 600 kWh/mes"
1,Argentina,EDENOR,https://www.enre.gov.ar/web/Tarifasd.nsf/todoscuadros/0A852DD6B52020210325823B005E0586?opendocument,2017-08-01,2017-08-31,ARS,Cargo Fijo 451-500,$/bim,,Tarifa 1 -R5 Tarifa Social sin ahorro por el excedente de 600 kWh/mes
2,Argentina,EDENOR,https://www.enre.gov.ar/web/Tarifasd.nsf/todoscuadros/0A852DD6B52020210325823B005E0586?opendocument,2017-08-01,2017-08-31,ARS,Cargo Variable 451-500,$/kWh,,Tarifa 1 -R5 Tarifa Social sin ahorro por el excedente de 600 kWh/mes
1,Argentina,EDESUR,https://www.enre.gov.ar/web/Tarifasd.nsf/todoscuadros/0A852DD6B52020210325823B005E0586?opendocument,2017-08-01,2017-08-31,ARS,Cargo Fijo 451-500,$/bim,66.23,Tarifa 1 -R5 Tarifa Social con ahorro
2,Argentina,EDESUR,https://www.enre.gov.ar/web/Tarifasd.nsf/todoscuadros/0A852DD6B52020210325823B005E0586?opendocument,2017-08-01,2017-08-31,ARS,Cargo Variable 451-500,$/kWh,0.473,Tarifa 1 -R5 Tarifa Social con ahorro
1,Argentina,EDESUR,https://www.enre.gov.ar/web/Tarifasd.nsf/todoscuadros/0A852DD6B52020210325823B005E0586?opendocument,2017-08-01,2017-08-31,ARS,Cargo Fijo 451-500,$/bim,66.23,"Tarifa 1 -R5 Tarifa Social sin ahorro excedente 150 kWh/mes, por el consumo hasta 600 kWh/mes"
2,Argentina,EDESUR,https://www.enre.gov.ar/web/Tarifasd.nsf/todoscuadros/0A852DD6B52020210325823B005E0586?opendocument,2017-08-01,2017-08-31,ARS,Cargo Variable 451-500,$/kWh,0.726,"Tarifa 1 -R5 Tarifa Social sin ahorro excedente 150 kWh/mes, por el consumo hasta 600 kWh/mes"
1,Argentina,EDESUR,https://www.enre.gov.ar/web/Tarifasd.nsf/todoscuadros/0A852DD6B52020210325823B005E0586?opendocument,2017-08-01,2017-08-31,ARS,Cargo Fijo 451-500,$/bim,,Tarifa 1 -R5 Tarifa Social sin ahorro por el excedente de 600 kWh/mes
2,Argentina,EDESUR,https://www.enre.gov.ar/web/Tarifasd.nsf/todoscuadros/0A852DD6B52020210325823B005E0586?opendocument,2017-08-01,2017-08-31,ARS,Cargo Variable 451-500,$/kWh,,Tarifa 1 -R5 Tarifa Social sin ahorro por el excedente de 600 kWh/mes
1,Argentina,EDENOR,https://www.enre.gov.ar/web/Tarifasd.nsf/todoscuadros/0A852DD6B52020210325823B005E0586?opendocument,2017-08-01,2017-08-31,ARS,Cargo Fijo 501-600,$/bim,79.36,Tarifa 1 -R6 Tarifa Social con ahorro
2,Argentina,EDENOR,https://www.enre.gov.ar/web/Tarifasd.nsf/todoscuadros/0A852DD6B52020210325823B005E0586?opendocument,2017-08-01,2017-08-31,ARS,Cargo Variable 501-600,$/kWh,0.464,Tarifa 1 -R6 Tarifa Social con ahorro
1,Argentina,EDENOR,https://www.enre.gov.ar/web/Tarifasd.nsf/todoscuadros/0A852DD6B52020210325823B005E0586?opendocument,2017-08-01,2017-08-31,ARS,Cargo Fijo 501-600,$/bim,79.36,"Tarifa 1 -R6 Tarifa Social sin ahorro excedente 150 kWh/mes, por el consumo hasta 600 kWh/mes"
2,Argentina,EDENOR,https://www.enre.gov.ar/web/Tarifasd.nsf/todoscuadros/0A852DD6B52020210325823B005E0586?opendocument,2017-08-01,2017-08-31,ARS,Cargo Variable 501-600,$/kWh,0.717,"Tarifa 1 -R6 Tarifa Social sin ahorro excedente 150 kWh/mes, por el consumo hasta 600 kWh/mes"
1,Argentina,EDENOR,https://www.enre.gov.ar/web/Tarifasd.nsf/todoscuadros/0A852DD6B52020210325823B005E0586?opendocument,2017-08-01,2017-08-31,ARS,Cargo Fijo 501-600,$/bim,,Tarifa 1 -R6 Tarifa Social sin ahorro por el excedente de 600 kWh/mes
2,Argentina,EDENOR,https://www.enre.gov.ar/web/Tarifasd.nsf/todoscuadros/0A852DD6B52020210325823B005E0586?opendocument,2017-08-01,2017-08-31,ARS,Cargo Variable 501-600,$/kWh,,Tarifa 1 -R6 Tarifa Social sin ahorro por el excedente de 600 kWh/mes
1,Argentina,EDESUR,https://www.enre.gov.ar/web/Tarifasd.nsf/todoscuadros/0A852DD6B52020210325823B005E0586?opendocument,2017-08-01,2017-08-31,ARS,Cargo Fijo 501-600,$/bim,88.3,Tarifa 1 -R6 Tarifa Social con ahorro
2,Argentina,EDESUR,https://www.enre.gov.ar/web/Tarifasd.nsf/todoscuadros/0A852DD6B52020210325823B005E0586?opendocument,2017-08-01,2017-08-31,ARS,Cargo Variable 501-600,$/kWh,0.511,Tarifa 1 -R6 Tarifa Social con ahorro
1,Argentina,EDESUR,https://www.enre.gov.ar/web/Tarifasd.nsf/todoscuadros/0A852DD6B52020210325823B005E0586?opendocument,2017-08-01,2017-08-31,ARS,Cargo Fijo 501-600,$/bim,88.3,"Tarifa 1 -R6 Tarifa Social sin ahorro excedente 150 kWh/mes, por el consumo hasta 600 kWh/mes"
2,Argentina,EDESUR,https://www.enre.gov.ar/web/Tarifasd.nsf/todoscuadros/0A852DD6B52020210325823B005E0586?opendocument,2017-08-01,2017-08-31,ARS,Cargo Variable 501-600,$/kWh,0.763,"Tarifa 1 -R6 Tarifa Social sin ahorro excedente 150 kWh/mes, por el consumo hasta 600 kWh/mes"
1,Argentina,EDESUR,https://www.enre.gov.ar/web/Tarifasd.nsf/todoscuadros/0A852DD6B52020210325823B005E0586?opendocument,2017-08-01,2017-08-31,ARS,Cargo Fijo 501-600,$/bim,,Tarifa 1 -R6 Tarifa Social sin ahorro por el excedente de 600 kWh/mes
2,Argentina,EDESUR,https://www.enre.gov.ar/web/Tarifasd.nsf/todoscuadros/0A852DD6B52020210325823B005E0586?opendocument,2017-08-01,2017-08-31,ARS,Cargo Variable 501-600,$/kWh,,Tarifa 1 -R6 Tarifa Social sin ahorro por el excedente de 600 kWh/mes
1,Argentina,EDENOR,https://www.enre.gov.ar/web/Tarifasd.nsf/todoscuadros/0A852DD6B52020210325823B005E0586?opendocument,2017-08-01,2017-08-31,ARS,Cargo Fijo + 600,$/bim,87.77,Tarifa 1 -R7 Tarifa Social con ahorro
2,Argentina,EDENOR,https://www.enre.gov.ar/web/Tarifasd.nsf/todoscuadros/0A852DD6B52020210325823B005E0586?opendocument,2017-08-01,2017-08-31,ARS,Cargo Variable + 600,$/kWh,0.48,Tarifa 1 -R7 Tarifa Social con ahorro
1,Argentina,EDENOR,https://www.enre.gov.ar/web/Tarifasd.nsf/todoscuadros/0A852DD6B52020210325823B005E0586?opendocument,2017-08-01,2017-08-31,ARS,Cargo Fijo + 600,$/bim,87.77,"Tarifa 1 -R7 Tarifa Social sin ahorro excedente 150 kWh/mes, por el consumo hasta 600 kWh/mes"
2,Argentina,EDENOR,https://www.enre.gov.ar/web/Tarifasd.nsf/todoscuadros/0A852DD6B52020210325823B005E0586?opendocument,2017-08-01,2017-08-31,ARS,Cargo Variable + 600,$/kWh,0.733,"Tarifa 1 -R7 Tarifa Social sin ahorro excedente 150 kWh/mes, por el consumo hasta 600 kWh/mes"
1,Argentina,EDENOR,https://www.enre.gov.ar/web/Tarifasd.nsf/todoscuadros/0A852DD6B52020210325823B005E0586?opendocument,2017-08-01,2017-08-31,ARS,Cargo Fijo + 600,$/bim,87.77,Tarifa 1 -R7 Tarifa Social sin ahorro por el excedente de 600 kWh/mes
2,Argentina,EDENOR,https://www.enre.gov.ar/web/Tarifasd.nsf/todoscuadros/0A852DD6B52020210325823B005E0586?opendocument,2017-08-01,2017-08-31,ARS,Cargo Variable + 600,$/kWh,1.089,Tarifa 1 -R7 Tarifa Social sin ahorro por el excedente de 600 kWh/mes
1,Argentina,EDESUR,https://www.enre.gov.ar/web/Tarifasd.nsf/todoscuadros/0A852DD6B52020210325823B005E0586?opendocument,2017-08-01,2017-08-31,ARS,Cargo Fijo + 600,$/bim,91.13,Tarifa 1 -R7 Tarifa Social con ahorro
2,Argentina,EDESUR,https://www.enre.gov.ar/web/Tarifasd.nsf/todoscuadros/0A852DD6B52020210325823B005E0586?opendocument,2017-08-01,2017-08-31,ARS,Cargo Variable + 600,$/kWh,0.529,Tarifa 1 -R7 Tarifa Social con ahorro
1,Argentina,EDESUR,https://www.enre.gov.ar/web/Tarifasd.nsf/todoscuadros/0A852DD6B52020210325823B005E0586?opendocument,2017-08-01,2017-08-31,ARS,Cargo Fijo + 600,$/bim,91.13,"Tarifa 1 -R7 Tarifa Social sin ahorro excedente 150 kWh/mes, por el consumo hasta 600 kWh/mes"
2,Argentina,EDESUR,https://www.enre.gov.ar/web/Tarifasd.nsf/todoscuadros/0A852DD6B52020210325823B005E0586?opendocument,2017-08-01,2017-08-31,ARS,Cargo Variable + 600,$/kWh,0.782,"Tarifa 1 -R7 Tarifa Social sin ahorro excedente 150 kWh/mes, por el consumo hasta 600 kWh/mes"
1,Argentina,EDESUR,https://www.enre.gov.ar/web/Tarifasd.nsf/todoscuadros/0A852DD6B52020210325823B005E0586?opendocument,2017-08-01,2017-08-31,ARS,Cargo Fijo + 600,$/bim,91.13,Tarifa 1 -R7 Tarifa Social sin ahorro por el excedente de 600 kWh/mes
2,Argentina,EDESUR,https://www.enre.gov.ar/web/Tarifasd.nsf/todoscuadros/0A852DD6B52020210325823B005E0586?opendocument,2017-08-01,2017-08-31,ARS,Cargo Variable + 600,$/kWh,1.138,Tarifa 1 -R7 Tarifa Social sin ahorro por el excedente de 600 kWh/mes
1,Argentina,EDENOR,https://www.enre.gov.ar/web/Tarifasd.nsf/todoscuadros/0A852DD6B52020210325823B005E0586?opendocument,2017-08-01,2017-08-31,ARS,Cargo Fijo hasta 0-150,$/mes,0.0,Tarifa 1 -R1 Electrodependientes con TS exc. 600 c/ahorro
2,Argentina,EDENOR,https://www.enre.gov.ar/web/Tarifasd.nsf/todoscuadros/0A852DD6B52020210325823B005E0586?opendocument,2017-08-01,2017-08-31,ARS,Cargo Variable 0-150,$/kWh,0.0,Tarifa 1 -R1 Electrodependientes con TS exc. 600 c/ahorro
1,Argentina,EDENOR,https://www.enre.gov.ar/web/Tarifasd.nsf/todoscuadros/0A852DD6B52020210325823B005E0586?opendocument,2017-08-01,2017-08-31,ARS,Cargo Fijo hasta 0-150,$/mes,0.0,Tarifa 1 -R1 Electrodependientes con TS exc. 600 s/ahorro hasta 1050
2,Argentina,EDENOR,https://www.enre.gov.ar/web/Tarifasd.nsf/todoscuadros/0A852DD6B52020210325823B005E0586?opendocument,2017-08-01,2017-08-31,ARS,Cargo Variable 0-150,$/kWh,0.0,Tarifa 1 -R1 Electrodependientes con TS exc. 600 s/ahorro hasta 1050
1,Argentina,EDENOR,https://www.enre.gov.ar/web/Tarifasd.nsf/todoscuadros/0A852DD6B52020210325823B005E0586?opendocument,2017-08-01,2017-08-31,ARS,Cargo Fijo hasta 0-150,$/mes,,Tarifa 1 -R1 Electrodependientes con TS exc. 600 s/ahorro más de 1050
2,Argentina,EDENOR,https://www.enre.gov.ar/web/Tarifasd.nsf/todoscuadros/0A852DD6B52020210325823B005E0586?opendocument,2017-08-01,2017-08-31,ARS,Cargo Variable 0-150,$/kWh,,Tarifa 1 -R1 Electrodependientes con TS exc. 600 s/ahorro más de 1050
1,Argentina,EDESUR,https://www.enre.gov.ar/web/Tarifasd.nsf/todoscuadros/0A852DD6B52020210325823B005E0586?opendocument,2017-08-01,2017-08-31,ARS,Cargo Fijo hasta 0-150,$/mes,0.0,Tarifa 1 -R1 Electrodependientes con TS exc. 600 c/ahorro
2,Argentina,EDESUR,https://www.enre.gov.ar/web/Tarifasd.nsf/todoscuadros/0A852DD6B52020210325823B005E0586?opendocument,2017-08-01,2017-08-31,ARS,Cargo Variable 0-150,$/kWh,0.0,Tarifa 1 -R1 Electrodependientes con TS exc. 600 c/ahorro
1,Argentina,EDESUR,https://www.enre.gov.ar/web/Tarifasd.nsf/todoscuadros/0A852DD6B52020210325823B005E0586?opendocument,2017-08-01,2017-08-31,ARS,Cargo Fijo hasta 0-150,$/mes,0.0,Tarifa 1 -R1 Electrodependientes con TS exc. 600 s/ahorro hasta 1050
2,Argentina,EDESUR,https://www.enre.gov.ar/web/Tarifasd.nsf/todoscuadros/0A852DD6B52020210325823B005E0586?opendocument,2017-08-01,2017-08-31,ARS,Cargo Variable 0-150,$/kWh,0.0,Tarifa 1 -R1 Electrodependientes con TS exc. 600 s/ahorro hasta 1050
1,Argentina,EDESUR,https://www.enre.gov.ar/web/Tarifasd.nsf/todoscuadros/0A852DD6B52020210325823B005E0586?opendocument,2017-08-01,2017-08-31,ARS,Cargo Fijo hasta 0-150,$/mes,,Tarifa 1 -R1 Electrodependientes con TS exc. 600 s/ahorro más de 1050
2,Argentina,EDESUR,https://www.enre.gov.ar/web/Tarifasd.nsf/todoscuadros/0A852DD6B52020210325823B005E0586?opendocument,2017-08-01,2017-08-31,ARS,Cargo Variable 0-150,$/kWh,,Tarifa 1 -R1 Electrodependientes con TS exc. 600 s/ahorro más de 1050
1,Argentina,EDENOR,https://www.enre.gov.ar/web/Tarifasd.nsf/todoscuadros/0A852DD6B52020210325823B005E0586?opendocument,2017-08-01,2017-08-31,ARS,Cargo Fijo 151-325,$/mes,0.0,Tarifa 1 -R2 Electrodependientes con TS exc. 600 c/ahorro
2,Argentina,EDENOR,https://www.enre.gov.ar/web/Tarifasd.nsf/todoscuadros/0A852DD6B52020210325823B005E0586?opendocument,2017-08-01,2017-08-31,ARS,Cargo Variable 151-325,$/kWh,0.0,Tarifa 1 -R2 Electrodependientes con TS exc. 600 c/ahorro
1,Argentina,EDENOR,https://www.enre.gov.ar/web/Tarifasd.nsf/todoscuadros/0A852DD6B52020210325823B005E0586?opendocument,2017-08-01,2017-08-31,ARS,Cargo Fijo 151-325,$/mes,0.0,Tarifa 1 -R2 Electrodependientes con TS exc. 600 s/ahorro hasta 1050
2,Argentina,EDENOR,https://www.enre.gov.ar/web/Tarifasd.nsf/todoscuadros/0A852DD6B52020210325823B005E0586?opendocument,2017-08-01,2017-08-31,ARS,Cargo Variable 151-325,$/kWh,0.0,Tarifa 1 -R2 Electrodependientes con TS exc. 600 s/ahorro hasta 1050
1,Argentina,EDENOR,https://www.enre.gov.ar/web/Tarifasd.nsf/todoscuadros/0A852DD6B52020210325823B005E0586?opendocument,2017-08-01,2017-08-31,ARS,Cargo Fijo 151-325,$/mes,,Tarifa 1 -R2 Electrodependientes con TS exc. 600 s/ahorro más de 1050
2,Argentina,EDENOR,https://www.enre.gov.ar/web/Tarifasd.nsf/todoscuadros/0A852DD6B52020210325823B005E0586?opendocument,2017-08-01,2017-08-31,ARS,Cargo Variable 151-325,$/kWh,,Tarifa 1 -R2 Electrodependientes con TS exc. 600 s/ahorro más de 1050
1,Argentina,EDESUR,https://www.enre.gov.ar/web/Tarifasd.nsf/todoscuadros/0A852DD6B52020210325823B005E0586?opendocument,2017-08-01,2017-08-31,ARS,Cargo Fijo 151-325,$/mes,0.0,Tarifa 1 -R2 Electrodependientes con TS exc. 600 c/ahorro
2,Argentina,EDESUR,https://www.enre.gov.ar/web/Tarifasd.nsf/todoscuadros/0A852DD6B52020210325823B005E0586?opendocument,2017-08-01,2017-08-31,ARS,Cargo Variable 151-325,$/kWh,0.0,Tarifa 1 -R2 Electrodependientes con TS exc. 600 c/ahorro
1,Argentina,EDESUR,https://www.enre.gov.ar/web/Tarifasd.nsf/todoscuadros/0A852DD6B52020210325823B005E0586?opendocument,2017-08-01,2017-08-31,ARS,Cargo Fijo 151-325,$/mes,0.0,Tarifa 1 -R2 Electrodependientes con TS exc. 600 s/ahorro hasta 1050
2,Argentina,EDESUR,https://www.enre.gov.ar/web/Tarifasd.nsf/todoscuadros/0A852DD6B52020210325823B005E0586?opendocument,2017-08-01,2017-08-31,ARS,Cargo Variable 151-325,$/kWh,0.0,Tarifa 1 -R2 Electrodependientes con TS exc. 600 s/ahorro hasta 1050
1,Argentina,EDESUR,https://www.enre.gov.ar/web/Tarifasd.nsf/todoscuadros/0A852DD6B52020210325823B005E0586?opendocument,2017-08-01,2017-08-31,ARS,Cargo Fijo 151-325,$/mes,,Tarifa 1 -R2 Electrodependientes con TS exc. 600 s/ahorro más de 1050
2,Argentina,EDESUR,https://www.enre.gov.ar/web/Tarifasd.nsf/todoscuadros/0A852DD6B52020210325823B005E0586?opendocument,2017-08-01,2017-08-31,ARS,Cargo Variable 151-325,$/kWh,,Tarifa 1 -R2 Electrodependientes con TS exc. 600 s/ahorro más de 1050
1,Argentina,EDENOR,https://www.enre.gov.ar/web/Tarifasd.nsf/todoscuadros/0A852DD6B52020210325823B005E0586?opendocument,2017-08-01,2017-08-31,ARS,Cargo Fijo 326-400,$/bim,0.0,Tarifa 1 -R3 Electrodependientes con TS exc. 600 c/ahorro
2,Argentina,EDENOR,https://www.enre.gov.ar/web/Tarifasd.nsf/todoscuadros/0A852DD6B52020210325823B005E0586?opendocument,2017-08-01,2017-08-31,ARS,Cargo Variable 326-400,$/kWh,0.0,Tarifa 1 -R3 Electrodependientes con TS exc. 600 c/ahorro
1,Argentina,EDENOR,https://www.enre.gov.ar/web/Tarifasd.nsf/todoscuadros/0A852DD6B52020210325823B005E0586?opendocument,2017-08-01,2017-08-31,ARS,Cargo Fijo 326-400,$/bim,0.0,Tarifa 1 -R3 Electrodependientes con TS exc. 600 s/ahorro hasta 1050
2,Argentina,EDENOR,https://www.enre.gov.ar/web/Tarifasd.nsf/todoscuadros/0A852DD6B52020210325823B005E0586?opendocument,2017-08-01,2017-08-31,ARS,Cargo Variable 326-400,$/kWh,0.0,Tarifa 1 -R3 Electrodependientes con TS exc. 600 s/ahorro hasta 1050
1,Argentina,EDENOR,https://www.enre.gov.ar/web/Tarifasd.nsf/todoscuadros/0A852DD6B52020210325823B005E0586?opendocument,2017-08-01,2017-08-31,ARS,Cargo Fijo 326-400,$/bim,,Tarifa 1 -R3 Electrodependientes con TS exc. 600 s/ahorro más de 1050
2,Argentina,EDENOR,https://www.enre.gov.ar/web/Tarifasd.nsf/todoscuadros/0A852DD6B52020210325823B005E0586?opendocument,2017-08-01,2017-08-31,ARS,Cargo Variable 326-400,$/kWh,,Tarifa 1 -R3 Electrodependientes con TS exc. 600 s/ahorro más de 1050
1,Argentina,EDESUR,https://www.enre.gov.ar/web/Tarifasd.nsf/todoscuadros/0A852DD6B52020210325823B005E0586?opendocument,2017-08-01,2017-08-31,ARS,Cargo Fijo 326-400,$/bim,0.0,Tarifa 1 -R3 Electrodependientes con TS exc. 600 c/ahorro
2,Argentina,EDESUR,https://www.enre.gov.ar/web/Tarifasd.nsf/todoscuadros/0A852DD6B52020210325823B005E0586?opendocument,2017-08-01,2017-08-31,ARS,Cargo Variable 326-400,$/kWh,0.0,Tarifa 1 -R3 Electrodependientes con TS exc. 600 c/ahorro
1,Argentina,EDESUR,https://www.enre.gov.ar/web/Tarifasd.nsf/todoscuadros/0A852DD6B52020210325823B005E0586?opendocument,2017-08-01,2017-08-31,ARS,Cargo Fijo 326-400,$/bim,0.0,Tarifa 1 -R3 Electrodependientes con TS exc. 600 s/ahorro hasta 1050
2,Argentina,EDESUR,https://www.enre.gov.ar/web/Tarifasd.nsf/todoscuadros/0A852DD6B52020210325823B005E0586?opendocument,2017-08-01,2017-08-31,ARS,Cargo Variable 326-400,$/kWh,0.0,Tarifa 1 -R3 Electrodependientes con TS exc. 600 s/ahorro hasta 1050
1,Argentina,EDESUR,https://www.enre.gov.ar/web/Tarifasd.nsf/todoscuadros/0A852DD6B52020210325823B005E0586?opendocument,2017-08-01,2017-08-31,ARS,Cargo Fijo 326-400,$/bim,,Tarifa 1 -R3 Electrodependientes con TS exc. 600 s/ahorro más de 1050
2,Argentina,EDESUR,https://www.enre.gov.ar/web/Tarifasd.nsf/todoscuadros/0A852DD6B52020210325823B005E0586?opendocument,2017-08-01,2017-08-31,ARS,Cargo Variable 326-400,$/kWh,,Tarifa 1 -R3 Electrodependientes con TS exc. 600 s/ahorro más de 1050
1,Argentina,EDENOR,https://www.enre.gov.ar/web/Tarifasd.nsf/todoscuadros/0A852DD6B52020210325823B005E0586?opendocument,2017-08-01,2017-08-31,ARS,Cargo Fijo 401-450,$/bim,0.0,Tarifa 1 -R4 Electrodependientes con TS exc. 600 c/ahorro
2,Argentina,EDENOR,https://www.enre.gov.ar/web/Tarifasd.nsf/todoscuadros/0A852DD6B52020210325823B005E0586?opendocument,2017-08-01,2017-08-31,ARS,Cargo Variable 401-450,$/kWh,0.0,Tarifa 1 -R4 Electrodependientes con TS exc. 600 c/ahorro
1,Argentina,EDENOR,https://www.enre.gov.ar/web/Tarifasd.nsf/todoscuadros/0A852DD6B52020210325823B005E0586?opendocument,2017-08-01,2017-08-31,ARS,Cargo Fijo 401-450,$/bim,0.0,Tarifa 1 -R4 Electrodependientes con TS exc. 600 s/ahorro hasta 1050
2,Argentina,EDENOR,https://www.enre.gov.ar/web/Tarifasd.nsf/todoscuadros/0A852DD6B52020210325823B005E0586?opendocument,2017-08-01,2017-08-31,ARS,Cargo Variable 401-450,$/kWh,0.0,Tarifa 1 -R4 Electrodependientes con TS exc. 600 s/ahorro hasta 1050
1,Argentina,EDENOR,https://www.enre.gov.ar/web/Tarifasd.nsf/todoscuadros/0A852DD6B52020210325823B005E0586?opendocument,2017-08-01,2017-08-31,ARS,Cargo Fijo 401-450,$/bim,,Tarifa 1 -R4 Electrodependientes con TS exc. 600 s/ahorro más de 1050
2,Argentina,EDENOR,https://www.enre.gov.ar/web/Tarifasd.nsf/todoscuadros/0A852DD6B52020210325823B005E0586?opendocument,2017-08-01,2017-08-31,ARS,Cargo Variable 401-450,$/kWh,,Tarifa 1 -R4 Electrodependientes con TS exc. 600 s/ahorro más de 1050
1,Argentina,EDESUR,https://www.enre.gov.ar/web/Tarifasd.nsf/todoscuadros/0A852DD6B52020210325823B005E0586?opendocument,2017-08-01,2017-08-31,ARS,Cargo Fijo 401-450,$/bim,0.0,Tarifa 1 -R4 Electrodependientes con TS exc. 600 c/ahorro
2,Argentina,EDESUR,https://www.enre.gov.ar/web/Tarifasd.nsf/todoscuadros/0A852DD6B52020210325823B005E0586?opendocument,2017-08-01,2017-08-31,ARS,Cargo Variable 401-450,$/kWh,0.0,Tarifa 1 -R4 Electrodependientes con TS exc. 600 c/ahorro
1,Argentina,EDESUR,https://www.enre.gov.ar/web/Tarifasd.nsf/todoscuadros/0A852DD6B52020210325823B005E0586?opendocument,2017-08-01,2017-08-31,ARS,Cargo Fijo 401-450,$/bim,0.0,Tarifa 1 -R4 Electrodependientes con TS exc. 600 s/ahorro hasta 1050
2,Argentina,EDESUR,https://www.enre.gov.ar/web/Tarifasd.nsf/todoscuadros/0A852DD6B52020210325823B005E0586?opendocument,2017-08-01,2017-08-31,ARS,Cargo Variable 401-450,$/kWh,0.0,Tarifa 1 -R4 Electrodependientes con TS exc. 600 s/ahorro hasta 1050
1,Argentina,EDESUR,https://www.enre.gov.ar/web/Tarifasd.nsf/todoscuadros/0A852DD6B52020210325823B005E0586?opendocument,2017-08-01,2017-08-31,ARS,Cargo Fijo 401-450,$/bim,,Tarifa 1 -R4 Electrodependientes con TS exc. 600 s/ahorro más de 1050
2,Argentina,EDESUR,https://www.enre.gov.ar/web/Tarifasd.nsf/todoscuadros/0A852DD6B52020210325823B005E0586?opendocument,2017-08-01,2017-08-31,ARS,Cargo Variable 401-450,$/kWh,,Tarifa 1 -R4 Electrodependientes con TS exc. 600 s/ahorro más de 1050
1,Argentina,EDENOR,https://www.enre.gov.ar/web/Tarifasd.nsf/todoscuadros/0A852DD6B52020210325823B005E0586?opendocument,2017-08-01,2017-08-31,ARS,Cargo Fijo 451-500,$/bim,0.0,Tarifa 1 -R5 Electrodependientes con TS exc. 600 c/ahorro
2,Argentina,EDENOR,https://www.enre.gov.ar/web/Tarifasd.nsf/todoscuadros/0A852DD6B52020210325823B005E0586?opendocument,2017-08-01,2017-08-31,ARS,Cargo Variable 451-500,$/kWh,0.0,Tarifa 1 -R5 Electrodependientes con TS exc. 600 c/ahorro
1,Argentina,EDENOR,https://www.enre.gov.ar/web/Tarifasd.nsf/todoscuadros/0A852DD6B52020210325823B005E0586?opendocument,2017-08-01,2017-08-31,ARS,Cargo Fijo 451-500,$/bim,0.0,Tarifa 1 -R5 Electrodependientes con TS exc. 600 s/ahorro hasta 1050
2,Argentina,EDENOR,https://www.enre.gov.ar/web/Tarifasd.nsf/todoscuadros/0A852DD6B52020210325823B005E0586?opendocument,2017-08-01,2017-08-31,ARS,Cargo Variable 451-500,$/kWh,0.0,Tarifa 1 -R5 Electrodependientes con TS exc. 600 s/ahorro hasta 1050
1,Argentina,EDENOR,https://www.enre.gov.ar/web/Tarifasd.nsf/todoscuadros/0A852DD6B52020210325823B005E0586?opendocument,2017-08-01,2017-08-31,ARS,Cargo Fijo 451-500,$/bim,,Tarifa 1 -R5 Electrodependientes con TS exc. 600 s/ahorro más de 1050
2,Argentina,EDENOR,https://www.enre.gov.ar/web/Tarifasd.nsf/todoscuadros/0A852DD6B52020210325823B005E0586?opendocument,2017-08-01,2017-08-31,ARS,Cargo Variable 451-500,$/kWh,,Tarifa 1 -R5 Electrodependientes con TS exc. 600 s/ahorro más de 1050
1,Argentina,EDESUR,https://www.enre.gov.ar/web/Tarifasd.nsf/todoscuadros/0A852DD6B52020210325823B005E0586?opendocument,2017-08-01,2017-08-31,ARS,Cargo Fijo 451-500,$/bim,0.0,Tarifa 1 -R5 Electrodependientes con TS exc. 600 c/ahorro
2,Argentina,EDESUR,https://www.enre.gov.ar/web/Tarifasd.nsf/todoscuadros/0A852DD6B52020210325823B005E0586?opendocument,2017-08-01,2017-08-31,ARS,Cargo Variable 451-500,$/kWh,0.0,Tarifa 1 -R5 Electrodependientes con TS exc. 600 c/ahorro
1,Argentina,EDESUR,https://www.enre.gov.ar/web/Tarifasd.nsf/todoscuadros/0A852DD6B52020210325823B005E0586?opendocument,2017-08-01,2017-08-31,ARS,Cargo Fijo 451-500,$/bim,0.0,Tarifa 1 -R5 Electrodependientes con TS exc. 600 s/ahorro hasta 1050
2,Argentina,EDESUR,https://www.enre.gov.ar/web/Tarifasd.nsf/todoscuadros/0A852DD6B52020210325823B005E0586?opendocument,2017-08-01,2017-08-31,ARS,Cargo Variable 451-500,$/kWh,0.0,Tarifa 1 -R5 Electrodependientes con TS exc. 600 s/ahorro hasta 1050
1,Argentina,EDESUR,https://www.enre.gov.ar/web/Tarifasd.nsf/todoscuadros/0A852DD6B52020210325823B005E0586?opendocument,2017-08-01,2017-08-31,ARS,Cargo Fijo 451-500,$/bim,,Tarifa 1 -R5 Electrodependientes con TS exc. 600 s/ahorro más de 1050
2,Argentina,EDESUR,https://www.enre.gov.ar/web/Tarifasd.nsf/todoscuadros/0A852DD6B52020210325823B005E0586?opendocument,2017-08-01,2017-08-31,ARS,Cargo Variable 451-500,$/kWh,,Tarifa 1 -R5 Electrodependientes con TS exc. 600 s/ahorro más de 1050
1,Argentina,EDENOR,https://www.enre.gov.ar/web/Tarifasd.nsf/todoscuadros/0A852DD6B52020210325823B005E0586?opendocument,2017-08-01,2017-08-31,ARS,Cargo Fijo 501-600,$/bim,0.0,Tarifa 1 -R6 Electrodependientes con TS exc. 600 c/ahorro
2,Argentina,EDENOR,https://www.enre.gov.ar/web/Tarifasd.nsf/todoscuadros/0A852DD6B52020210325823B005E0586?opendocument,2017-08-01,2017-08-31,ARS,Cargo Variable 501-600,$/kWh,0.0,Tarifa 1 -R6 Electrodependientes con TS exc. 600 c/ahorro
1,Argentina,EDENOR,https://www.enre.gov.ar/web/Tarifasd.nsf/todoscuadros/0A852DD6B52020210325823B005E0586?opendocument,2017-08-01,2017-08-31,ARS,Cargo Fijo 501-600,$/bim,0.0,Tarifa 1 -R6 Electrodependientes con TS exc. 600 s/ahorro hasta 1050
2,Argentina,EDENOR,https://www.enre.gov.ar/web/Tarifasd.nsf/todoscuadros/0A852DD6B52020210325823B005E0586?opendocument,2017-08-01,2017-08-31,ARS,Cargo Variable 501-600,$/kWh,0.0,Tarifa 1 -R6 Electrodependientes con TS exc. 600 s/ahorro hasta 1050
1,Argentina,EDENOR,https://www.enre.gov.ar/web/Tarifasd.nsf/todoscuadros/0A852DD6B52020210325823B005E0586?opendocument,2017-08-01,2017-08-31,ARS,Cargo Fijo 501-600,$/bim,,Tarifa 1 -R6 Electrodependientes con TS exc. 600 s/ahorro más de 1050
2,Argentina,EDENOR,https://www.enre.gov.ar/web/Tarifasd.nsf/todoscuadros/0A852DD6B52020210325823B005E0586?opendocument,2017-08-01,2017-08-31,ARS,Cargo Variable 501-600,$/kWh,,Tarifa 1 -R6 Electrodependientes con TS exc. 600 s/ahorro más de 1050
1,Argentina,EDESUR,https://www.enre.gov.ar/web/Tarifasd.nsf/todoscuadros/0A852DD6B52020210325823B005E0586?opendocument,2017-08-01,2017-08-31,ARS,Cargo Fijo 501-600,$/bim,0.0,Tarifa 1 -R6 Electrodependientes con TS exc. 600 c/ahorro
2,Argentina,EDESUR,https://www.enre.gov.ar/web/Tarifasd.nsf/todoscuadros/0A852DD6B52020210325823B005E0586?opendocument,2017-08-01,2017-08-31,ARS,Cargo Variable 501-600,$/kWh,0.0,Tarifa 1 -R6 Electrodependientes con TS exc. 600 c/ahorro
1,Argentina,EDESUR,https://www.enre.gov.ar/web/Tarifasd.nsf/todoscuadros/0A852DD6B52020210325823B005E0586?opendocument,2017-08-01,2017-08-31,ARS,Cargo Fijo 501-600,$/bim,0.0,Tarifa 1 -R6 Electrodependientes con TS exc. 600 s/ahorro hasta 1050
2,Argentina,EDESUR,https://www.enre.gov.ar/web/Tarifasd.nsf/todoscuadros/0A852DD6B52020210325823B005E0586?opendocument,2017-08-01,2017-08-31,ARS,Cargo Variable 501-600,$/kWh,0.0,Tarifa 1 -R6 Electrodependientes con TS exc. 600 s/ahorro hasta 1050
1,Argentina,EDESUR,https://www.enre.gov.ar/web/Tarifasd.nsf/todoscuadros/0A852DD6B52020210325823B005E0586?opendocument,2017-08-01,2017-08-31,ARS,Cargo Fijo 501-600,$/bim,,Tarifa 1 -R6 Electrodependientes con TS exc. 600 s/ahorro más de 1050
2,Argentina,EDESUR,https://www.enre.gov.ar/web/Tarifasd.nsf/todoscuadros/0A852DD6B52020210325823B005E0586?opendocument,2017-08-01,2017-08-31,ARS,Cargo Variable 501-600,$/kWh,,Tarifa 1 -R6 Electrodependientes con TS exc. 600 s/ahorro más de 1050
1,Argentina,EDENOR,https://www.enre.gov.ar/web/Tarifasd.nsf/todoscuadros/0A852DD6B52020210325823B005E0586?opendocument,2017-08-01,2017-08-31,ARS,Cargo Fijo + 600,$/bim,0.0,Tarifa 1 -R7 Electrodependientes con TS exc. 600 c/ahorro
2,Argentina,EDENOR,https://www.enre.gov.ar/web/Tarifasd.nsf/todoscuadros/0A852DD6B52020210325823B005E0586?opendocument,2017-08-01,2017-08-31,ARS,Cargo Variable + 600,$/kWh,0.0,Tarifa 1 -R7 Electrodependientes con TS exc. 600 c/ahorro
1,Argentina,EDENOR,https://www.enre.gov.ar/web/Tarifasd.nsf/todoscuadros/0A852DD6B52020210325823B005E0586?opendocument,2017-08-01,2017-08-31,ARS,Cargo Fijo + 600,$/bim,0.0,Tarifa 1 -R7 Electrodependientes con TS exc. 600 s/ahorro hasta 1050
2,Argentina,EDENOR,https://www.enre.gov.ar/web/Tarifasd.nsf/todoscuadros/0A852DD6B52020210325823B005E0586?opendocument,2017-08-01,2017-08-31,ARS,Cargo Variable + 600,$/kWh,0.0,Tarifa 1 -R7 Electrodependientes con TS exc. 600 s/ahorro hasta 1050
1,Argentina,EDENOR,https://www.enre.gov.ar/web/Tarifasd.nsf/todoscuadros/0A852DD6B52020210325823B005E0586?opendocument,2017-08-01,2017-08-31,ARS,Cargo Fijo + 600,$/bim,0.0,Tarifa 1 -R7 Electrodependientes con TS exc. 600 s/ahorro más de 1050
2,Argentina,EDENOR,https://www.enre.gov.ar/web/Tarifasd.nsf/todoscuadros/0A852DD6B52020210325823B005E0586?opendocument,2017-08-01,2017-08-31,ARS,Cargo Variable + 600,$/kWh,0.0,Tarifa 1 -R7 Electrodependientes con TS exc. 600 s/ahorro más de 1050
1,Argentina,EDESUR,https://www.enre.gov.ar/web/Tarifasd.nsf/todoscuadros/0A852DD6B52020210325823B005E0586?opendocument,2017-08-01,2017-08-31,ARS,Cargo Fijo + 600,$/bim,0.0,Tarifa 1 -R7 Electrodependientes con TS exc. 600 c/ahorro
2,Argentina,EDESUR,https://www.enre.gov.ar/web/Tarifasd.nsf/todoscuadros/0A852DD6B52020210325823B005E0586?opendocument,2017-08-01,2017-08-31,ARS,Cargo Variable + 600,$/kWh,0.0,Tarifa 1 -R7 Electrodependientes con TS exc. 600 c/ahorro
1,Argentina,EDESUR,https://www.enre.gov.ar/web/Tarifasd.nsf/todoscuadros/0A852DD6B52020210325823B005E0586?opendocument,2017-08-01,2017-08-31,ARS,Cargo Fijo + 600,$/bim,0.0,Tarifa 1 -R7 Electrodependientes con TS exc. 600 s/ahorro hasta 1050
2,Argentina,EDESUR,https://www.enre.gov.ar/web/Tarifasd.nsf/todoscuadros/0A852DD6B52020210325823B005E0586?opendocument,2017-08-01,2017-08-31,ARS,Cargo Variable + 600,$/kWh,0.0,Tarifa 1 -R7 Electrodependientes con TS exc. 600 s/ahorro hasta 1050
1,Argentina,EDESUR,https://www.enre.gov.ar/web/Tarifasd.nsf/todoscuadros/0A852DD6B52020210325823B005E0586?opendocument,2017-08-01,2017-08-31,ARS,Cargo Fijo + 600,$/bim,0.0,Tarifa 1 -R7 Electrodependientes con TS exc. 600 s/ahorro más de 1050
2,Argentina,EDESUR,https://www.enre.gov.ar/web/Tarifasd.nsf/todoscuadros/0A852DD6B52020210325823B005E0586?opendocument,2017-08-01,2017-08-31,ARS,Cargo Variable + 600,$/kWh,0.0,Tarifa 1 -R7 Electrodependientes con TS exc. 600 s/ahorro más de 1050
1,Argentina,EDENOR,https://www.enre.gov.ar/web/Tarifasd.nsf/todoscuadros/0A852DD6B52020210325823B005E0586?opendocument,2017-08-01,2017-08-31,ARS,Cargo Fijo hasta 0-150,$/mes,16.86,Tarifa 1 -R1 Sin ahorro
2,Argentina,EDENOR,https://www.enre.gov.ar/web/Tarifasd.nsf/todoscuadros/0A852DD6B52020210325823B005E0586?opendocument,2017-08-01,2017-08-31,ARS,Cargo Variable 0-150,$/kWh,0.908,Tarifa 1 -R1 Sin ahorro
1,Argentina,EDENOR,https://www.enre.gov.ar/web/Tarifasd.nsf/todoscuadros/0A852DD6B52020210325823B005E0586?opendocument,2017-08-01,2017-08-31,ARS,Cargo Fijo hasta 0-150,$/mes,,Tarifa 1 -R1 10% <= ahorro <= 20%
2,Argentina,EDENOR,https://www.enre.gov.ar/web/Tarifasd.nsf/todoscuadros/0A852DD6B52020210325823B005E0586?opendocument,2017-08-01,2017-08-31,ARS,Cargo Variable 0-150,$/kWh,,Tarifa 1 -R1 10% <= ahorro <= 20%
1,Argentina,EDENOR,https://www.enre.gov.ar/web/Tarifasd.nsf/todoscuadros/0A852DD6B52020210325823B005E0586?opendocument,2017-08-01,2017-08-31,ARS,Cargo Fijo hasta 0-150,$/mes,,Tarifa 1 -R1 Ahorro > 20%
2,Argentina,EDENOR,https://www.enre.gov.ar/web/Tarifasd.nsf/todoscuadros/0A852DD6B52020210325823B005E0586?opendocument,2017-08-01,2017-08-31,ARS,Cargo Variable 0-150,$/kWh,,Tarifa 1 -R1 Ahorro > 20%
1,Argentina,EDESUR,https://www.enre.gov.ar/web/Tarifasd.nsf/todoscuadros/0A852DD6B52020210325823B005E0586?opendocument,2017-08-01,2017-08-31,ARS,Cargo Fijo hasta 0-150,$/mes,18.76,Tarifa 1 -R1 Sin ahorro
2,Argentina,EDESUR,https://www.enre.gov.ar/web/Tarifasd.nsf/todoscuadros/0A852DD6B52020210325823B005E0586?opendocument,2017-08-01,2017-08-31,ARS,Cargo Variable 0-150,$/kWh,0.931,Tarifa 1 -R1 Sin ahorro
1,Argentina,EDESUR,https://www.enre.gov.ar/web/Tarifasd.nsf/todoscuadros/0A852DD6B52020210325823B005E0586?opendocument,2017-08-01,2017-08-31,ARS,Cargo Fijo hasta 0-150,$/mes,,Tarifa 1 -R1 10% <= ahorro <= 20%
2,Argentina,EDESUR,https://www.enre.gov.ar/web/Tarifasd.nsf/todoscuadros/0A852DD6B52020210325823B005E0586?opendocument,2017-08-01,2017-08-31,ARS,Cargo Variable 0-150,$/kWh,,Tarifa 1 -R1 10% <= ahorro <= 20%
1,Argentina,EDESUR,https://www.enre.gov.ar/web/Tarifasd.nsf/todoscuadros/0A852DD6B52020210325823B005E0586?opendocument,2017-08-01,2017-08-31,ARS,Cargo Fijo hasta 0-150,$/mes,,Tarifa 1 -R1 Ahorro > 20%
2,Argentina,EDESUR,https://www.enre.gov.ar/web/Tarifasd.nsf/todoscuadros/0A852DD6B52020210325823B005E0586?opendocument,2017-08-01,2017-08-31,ARS,Cargo Variable 0-150,$/kWh,,Tarifa 1 -R1 Ahorro > 20%
1,Argentina,EDENOR,https://www.enre.gov.ar/web/Tarifasd.nsf/todoscuadros/0A852DD6B52020210325823B005E0586?opendocument,2017-08-01,2017-08-31,ARS,Cargo Fijo 151-325,$/mes,31.74,Tarifa 1 -R2 Sin ahorro
2,Argentina,EDENOR,https://www.enre.gov.ar/web/Tarifasd.nsf/todoscuadros/0A852DD6B52020210325823B005E0586?opendocument,2017-08-01,2017-08-31,ARS,Cargo Variable 151-325,$/kWh,0.908,Tarifa 1 -R2 Sin ahorro
1,Argentina,EDENOR,https://www.enre.gov.ar/web/Tarifasd.nsf/todoscuadros/0A852DD6B52020210325823B005E0586?opendocument,2017-08-01,2017-08-31,ARS,Cargo Fijo 151-325,$/mes,,Tarifa 1 -R2 10% <= ahorro <= 20%
2,Argentina,EDENOR,https://www.enre.gov.ar/web/Tarifasd.nsf/todoscuadros/0A852DD6B52020210325823B005E0586?opendocument,2017-08-01,2017-08-31,ARS,Cargo Variable 151-325,$/kWh,,Tarifa 1 -R2 10% <= ahorro <= 20%
1,Argentina,EDENOR,https://www.enre.gov.ar/web/Tarifasd.nsf/todoscuadros/0A852DD6B52020210325823B005E0586?opendocument,2017-08-01,2017-08-31,ARS,Cargo Fijo 151-325,$/mes,,Tarifa 1 -R2 Ahorro > 20%
2,Argentina,EDENOR,https://www.enre.gov.ar/web/Tarifasd.nsf/todoscuadros/0A852DD6B52020210325823B005E0586?opendocument,2017-08-01,2017-08-31,ARS,Cargo Variable 151-325,$/kWh,,Tarifa 1 -R2 Ahorro > 20%
1,Argentina,EDESUR,https://www.enre.gov.ar/web/Tarifasd.nsf/todoscuadros/0A852DD6B52020210325823B005E0586?opendocument,2017-08-01,2017-08-31,ARS,Cargo Fijo 151-325,$/mes,35.32,Tarifa 1 -R2 Sin ahorro
2,Argentina,EDESUR,https://www.enre.gov.ar/web/Tarifasd.nsf/todoscuadros/0A852DD6B52020210325823B005E0586?opendocument,2017-08-01,2017-08-31,ARS,Cargo Variable 151-325,$/kWh,0.931,Tarifa 1 -R2 Sin ahorro
1,Argentina,EDESUR,https://www.enre.gov.ar/web/Tarifasd.nsf/todoscuadros/0A852DD6B52020210325823B005E0586?opendocument,2017-08-01,2017-08-31,ARS,Cargo Fijo 151-325,$/mes,,Tarifa 1 -R2 10% <= ahorro <= 20%
2,Argentina,EDESUR,https://www.enre.gov.ar/web/Tarifasd.nsf/todoscuadros/0A852DD6B52020210325823B005E0586?opendocument,2017-08-01,2017-08-31,ARS,Cargo Variable 151-325,$/kWh,,Tarifa 1 -R2 10% <= ahorro <= 20%
1,Argentina,EDESUR,https://www.enre.gov.ar/web/Tarifasd.nsf/todoscuadros/0A852DD6B52020210325823B005E0586?opendocument,2017-08-01,2017-08-31,ARS,Cargo Fijo 151-325,$/mes,,Tarifa 1 -R2 Ahorro > 20%
2,Argentina,EDESUR,https://www.enre.gov.ar/web/Tarifasd.nsf/todoscuadros/0A852DD6B52020210325823B005E0586?opendocument,2017-08-01,2017-08-31,ARS,Cargo Variable 151-325,$/kWh,,Tarifa 1 -R2 Ahorro > 20%
1,Argentina,EDENOR,https://www.enre.gov.ar/web/Tarifasd.nsf/todoscuadros/0A852DD6B52020210325823B005E0586?opendocument,2017-08-01,2017-08-31,ARS,Cargo Fijo 326-400,$/bim,54.56,Tarifa 1 -R3 Sin ahorro
2,Argentina,EDENOR,https://www.enre.gov.ar/web/Tarifasd.nsf/todoscuadros/0A852DD6B52020210325823B005E0586?opendocument,2017-08-01,2017-08-31,ARS,Cargo Variable 326-400,$/kWh,0.941,Tarifa 1 -R3 Sin ahorro
1,Argentina,EDENOR,https://www.enre.gov.ar/web/Tarifasd.nsf/todoscuadros/0A852DD6B52020210325823B005E0586?opendocument,2017-08-01,2017-08-31,ARS,Cargo Fijo 326-400,$/bim,,Tarifa 1 -R3 10% <= ahorro <= 20%
2,Argentina,EDENOR,https://www.enre.gov.ar/web/Tarifasd.nsf/todoscuadros/0A852DD6B52020210325823B005E0586?opendocument,2017-08-01,2017-08-31,ARS,Cargo Variable 326-400,$/kWh,,Tarifa 1 -R3 10% <= ahorro <= 20%
1,Argentina,EDENOR,https://www.enre.gov.ar/web/Tarifasd.nsf/todoscuadros/0A852DD6B52020210325823B005E0586?opendocument,2017-08-01,2017-08-31,ARS,Cargo Fijo 326-400,$/bim,,Tarifa 1 -R3 Ahorro > 20%
2,Argentina,EDENOR,https://www.enre.gov.ar/web/Tarifasd.nsf/todoscuadros/0A852DD6B52020210325823B005E0586?opendocument,2017-08-01,2017-08-31,ARS,Cargo Variable 326-400,$/kWh,,Tarifa 1 -R3 Ahorro > 20%
1,Argentina,EDESUR,https://www.enre.gov.ar/web/Tarifasd.nsf/todoscuadros/0A852DD6B52020210325823B005E0586?opendocument,2017-08-01,2017-08-31,ARS,Cargo Fijo 326-400,$/bim,60.71,Tarifa 1 -R3 Sin ahorro
2,Argentina,EDESUR,https://www.enre.gov.ar/web/Tarifasd.nsf/todoscuadros/0A852DD6B52020210325823B005E0586?opendocument,2017-08-01,2017-08-31,ARS,Cargo Variable 326-400,$/kWh,0.969,Tarifa 1 -R3 Sin ahorro
1,Argentina,EDESUR,https://www.enre.gov.ar/web/Tarifasd.nsf/todoscuadros/0A852DD6B52020210325823B005E0586?opendocument,2017-08-01,2017-08-31,ARS,Cargo Fijo 326-400,$/bim,,Tarifa 1 -R3 10% <= ahorro <= 20%
2,Argentina,EDESUR,https://www.enre.gov.ar/web/Tarifasd.nsf/todoscuadros/0A852DD6B52020210325823B005E0586?opendocument,2017-08-01,2017-08-31,ARS,Cargo Variable 326-400,$/kWh,,Tarifa 1 -R3 10% <= ahorro <= 20%
1,Argentina,EDESUR,https://www.enre.gov.ar/web/Tarifasd.nsf/todoscuadros/0A852DD6B52020210325823B005E0586?opendocument,2017-08-01,2017-08-31,ARS,Cargo Fijo 326-400,$/bim,,Tarifa 1 -R3 Ahorro > 20%
2,Argentina,EDESUR,https://www.enre.gov.ar/web/Tarifasd.nsf/todoscuadros/0A852DD6B52020210325823B005E0586?opendocument,2017-08-01,2017-08-31,ARS,Cargo Variable 326-400,$/kWh,,Tarifa 1 -R3 Ahorro > 20%
1,Argentina,EDENOR,https://www.enre.gov.ar/web/Tarifasd.nsf/todoscuadros/0A852DD6B52020210325823B005E0586?opendocument,2017-08-01,2017-08-31,ARS,Cargo Fijo 401-450,$/bim,64.48,Tarifa 1 -R4 Sin ahorro
2,Argentina,EDENOR,https://www.enre.gov.ar/web/Tarifasd.nsf/todoscuadros/0A852DD6B52020210325823B005E0586?opendocument,2017-08-01,2017-08-31,ARS,Cargo Variable 401-450,$/kWh,0.99,Tarifa 1 -R4 Sin ahorro
1,Argentina,EDENOR,https://www.enre.gov.ar/web/Tarifasd.nsf/todoscuadros/0A852DD6B52020210325823B005E0586?opendocument,2017-08-01,2017-08-31,ARS,Cargo Fijo 401-450,$/bim,,Tarifa 1 -R4 10% <= ahorro <= 20%
2,Argentina,EDENOR,https://www.enre.gov.ar/web/Tarifasd.nsf/todoscuadros/0A852DD6B52020210325823B005E0586?opendocument,2017-08-01,2017-08-31,ARS,Cargo Variable 401-450,$/kWh,,Tarifa 1 -R4 10% <= ahorro <= 20%
1,Argentina,EDENOR,https://www.enre.gov.ar/web/Tarifasd.nsf/todoscuadros/0A852DD6B52020210325823B005E0586?opendocument,2017-08-01,2017-08-31,ARS,Cargo Fijo 401-450,$/bim,,Tarifa 1 -R4 Ahorro > 20%
2,Argentina,EDENOR,https://www.enre.gov.ar/web/Tarifasd.nsf/todoscuadros/0A852DD6B52020210325823B005E0586?opendocument,2017-08-01,2017-08-31,ARS,Cargo Variable 401-450,$/kWh,,Tarifa 1 -R4 Ahorro > 20%
1,Argentina,EDESUR,https://www.enre.gov.ar/web/Tarifasd.nsf/todoscuadros/0A852DD6B52020210325823B005E0586?opendocument,2017-08-01,2017-08-31,ARS,Cargo Fijo 401-450,$/bim,71.74,Tarifa 1 -R4 Sin ahorro
2,Argentina,EDESUR,https://www.enre.gov.ar/web/Tarifasd.nsf/todoscuadros/0A852DD6B52020210325823B005E0586?opendocument,2017-08-01,2017-08-31,ARS,Cargo Variable 401-450,$/kWh,1.025,Tarifa 1 -R4 Sin ahorro
1,Argentina,EDESUR,https://www.enre.gov.ar/web/Tarifasd.nsf/todoscuadros/0A852DD6B52020210325823B005E0586?opendocument,2017-08-01,2017-08-31,ARS,Cargo Fijo 401-450,$/bim,,Tarifa 1 -R4 10% <= ahorro <= 20%
2,Argentina,EDESUR,https://www.enre.gov.ar/web/Tarifasd.nsf/todoscuadros/0A852DD6B52020210325823B005E0586?opendocument,2017-08-01,2017-08-31,ARS,Cargo Variable 401-450,$/kWh,,Tarifa 1 -R4 10% <= ahorro <= 20%
1,Argentina,EDESUR,https://www.enre.gov.ar/web/Tarifasd.nsf/todoscuadros/0A852DD6B52020210325823B005E0586?opendocument,2017-08-01,2017-08-31,ARS,Cargo Fijo 401-450,$/bim,,Tarifa 1 -R4 Ahorro > 20%
2,Argentina,EDESUR,https://www.enre.gov.ar/web/Tarifasd.nsf/todoscuadros/0A852DD6B52020210325823B005E0586?opendocument,2017-08-01,2017-08-31,ARS,Cargo Variable 401-450,$/kWh,,Tarifa 1 -R4 Ahorro > 20%
1,Argentina,EDENOR,https://www.enre.gov.ar/web/Tarifasd.nsf/todoscuadros/0A852DD6B52020210325823B005E0586?opendocument,2017-08-01,2017-08-31,ARS,Cargo Fijo 451-500,$/bim,99.2,Tarifa 1 -R5 Sin ahorro
2,Argentina,EDENOR,https://www.enre.gov.ar/web/Tarifasd.nsf/todoscuadros/0A852DD6B52020210325823B005E0586?opendocument,2017-08-01,2017-08-31,ARS,Cargo Variable 451-500,$/kWh,1.04,Tarifa 1 -R5 Sin ahorro
1,Argentina,EDENOR,https://www.enre.gov.ar/web/Tarifasd.nsf/todoscuadros/0A852DD6B52020210325823B005E0586?opendocument,2017-08-01,2017-08-31,ARS,Cargo Fijo 451-500,$/bim,,Tarifa 1 -R5 10% <= ahorro <= 20%
2,Argentina,EDENOR,https://www.enre.gov.ar/web/Tarifasd.nsf/todoscuadros/0A852DD6B52020210325823B005E0586?opendocument,2017-08-01,2017-08-31,ARS,Cargo Variable 451-500,$/kWh,,Tarifa 1 -R5 10% <= ahorro <= 20%
1,Argentina,EDENOR,https://www.enre.gov.ar/web/Tarifasd.nsf/todoscuadros/0A852DD6B52020210325823B005E0586?opendocument,2017-08-01,2017-08-31,ARS,Cargo Fijo 451-500,$/bim,,Tarifa 1 -R5 Ahorro > 20%
2,Argentina,EDENOR,https://www.enre.gov.ar/web/Tarifasd.nsf/todoscuadros/0A852DD6B52020210325823B005E0586?opendocument,2017-08-01,2017-08-31,ARS,Cargo Variable 451-500,$/kWh,,Tarifa 1 -R5 Ahorro > 20%
1,Argentina,EDESUR,https://www.enre.gov.ar/web/Tarifasd.nsf/todoscuadros/0A852DD6B52020210325823B005E0586?opendocument,2017-08-01,2017-08-31,ARS,Cargo Fijo 451-500,$/bim,110.38,Tarifa 1 -R5 Sin ahorro
2,Argentina,EDESUR,https://www.enre.gov.ar/web/Tarifasd.nsf/todoscuadros/0A852DD6B52020210325823B005E0586?opendocument,2017-08-01,2017-08-31,ARS,Cargo Variable 451-500,$/kWh,1.081,Tarifa 1 -R5 Sin ahorro
1,Argentina,EDESUR,https://www.enre.gov.ar/web/Tarifasd.nsf/todoscuadros/0A852DD6B52020210325823B005E0586?opendocument,2017-08-01,2017-08-31,ARS,Cargo Fijo 451-500,$/bim,,Tarifa 1 -R5 10% <= ahorro <= 20%
2,Argentina,EDESUR,https://www.enre.gov.ar/web/Tarifasd.nsf/todoscuadros/0A852DD6B52020210325823B005E0586?opendocument,2017-08-01,2017-08-31,ARS,Cargo Variable 451-500,$/kWh,,Tarifa 1 -R5 10% <= ahorro <= 20%
1,Argentina,EDESUR,https://www.enre.gov.ar/web/Tarifasd.nsf/todoscuadros/0A852DD6B52020210325823B005E0586?opendocument,2017-08-01,2017-08-31,ARS,Cargo Fijo 451-500,$/bim,,Tarifa 1 -R5 Ahorro > 20%
2,Argentina,EDESUR,https://www.enre.gov.ar/web/Tarifasd.nsf/todoscuadros/0A852DD6B52020210325823B005E0586?opendocument,2017-08-01,2017-08-31,ARS,Cargo Variable 451-500,$/kWh,,Tarifa 1 -R5 Ahorro > 20%
1,Argentina,EDENOR,https://www.enre.gov.ar/web/Tarifasd.nsf/todoscuadros/0A852DD6B52020210325823B005E0586?opendocument,2017-08-01,2017-08-31,ARS,Cargo Fijo 501-600,$/bim,198.4,Tarifa 1 -R6 Sin ahorro
2,Argentina,EDENOR,https://www.enre.gov.ar/web/Tarifasd.nsf/todoscuadros/0A852DD6B52020210325823B005E0586?opendocument,2017-08-01,2017-08-31,ARS,Cargo Variable 501-600,$/kWh,1.073,Tarifa 1 -R6 Sin ahorro
1,Argentina,EDENOR,https://www.enre.gov.ar/web/Tarifasd.nsf/todoscuadros/0A852DD6B52020210325823B005E0586?opendocument,2017-08-01,2017-08-31,ARS,Cargo Fijo 501-600,$/bim,,Tarifa 1 -R6 10% <= ahorro <= 20%
2,Argentina,EDENOR,https://www.enre.gov.ar/web/Tarifasd.nsf/todoscuadros/0A852DD6B52020210325823B005E0586?opendocument,2017-08-01,2017-08-31,ARS,Cargo Variable 501-600,$/kWh,,Tarifa 1 -R6 10% <= ahorro <= 20%
1,Argentina,EDENOR,https://www.enre.gov.ar/web/Tarifasd.nsf/todoscuadros/0A852DD6B52020210325823B005E0586?opendocument,2017-08-01,2017-08-31,ARS,Cargo Fijo 501-600,$/bim,,Tarifa 1 -R6 Ahorro > 20%
2,Argentina,EDENOR,https://www.enre.gov.ar/web/Tarifasd.nsf/todoscuadros/0A852DD6B52020210325823B005E0586?opendocument,2017-08-01,2017-08-31,ARS,Cargo Variable 501-600,$/kWh,,Tarifa 1 -R6 Ahorro > 20%
1,Argentina,EDESUR,https://www.enre.gov.ar/web/Tarifasd.nsf/todoscuadros/0A852DD6B52020210325823B005E0586?opendocument,2017-08-01,2017-08-31,ARS,Cargo Fijo 501-600,$/bim,220.75,Tarifa 1 -R6 Sin ahorro
2,Argentina,EDESUR,https://www.enre.gov.ar/web/Tarifasd.nsf/todoscuadros/0A852DD6B52020210325823B005E0586?opendocument,2017-08-01,2017-08-31,ARS,Cargo Variable 501-600,$/kWh,1.119,Tarifa 1 -R6 Sin ahorro
1,Argentina,EDESUR,https://www.enre.gov.ar/web/Tarifasd.nsf/todoscuadros/0A852DD6B52020210325823B005E0586?opendocument,2017-08-01,2017-08-31,ARS,Cargo Fijo 501-600,$/bim,,Tarifa 1 -R6 10% <= ahorro <= 20%
2,Argentina,EDESUR,https://www.enre.gov.ar/web/Tarifasd.nsf/todoscuadros/0A852DD6B52020210325823B005E0586?opendocument,2017-08-01,2017-08-31,ARS,Cargo Variable 501-600,$/kWh,,Tarifa 1 -R6 10% <= ahorro <= 20%
1,Argentina,EDESUR,https://www.enre.gov.ar/web/Tarifasd.nsf/todoscuadros/0A852DD6B52020210325823B005E0586?opendocument,2017-08-01,2017-08-31,ARS,Cargo Fijo 501-600,$/bim,,Tarifa 1 -R6 Ahorro > 20%
2,Argentina,EDESUR,https://www.enre.gov.ar/web/Tarifasd.nsf/todoscuadros/0A852DD6B52020210325823B005E0586?opendocument,2017-08-01,2017-08-31,ARS,Cargo Variable 501-600,$/kWh,,Tarifa 1 -R6 Ahorro > 20%
1,Argentina,EDENOR,https://www.enre.gov.ar/web/Tarifasd.nsf/todoscuadros/0A852DD6B52020210325823B005E0586?opendocument,2017-08-01,2017-08-31,ARS,Cargo Fijo 601-700,$/bim,390.1,Tarifa 1 -R7 Sin ahorro
2,Argentina,EDENOR,https://www.enre.gov.ar/web/Tarifasd.nsf/todoscuadros/0A852DD6B52020210325823B005E0586?opendocument,2017-08-01,2017-08-31,ARS,Cargo Variable 601-700,$/kWh,1.089,Tarifa 1 -R7 Sin ahorro
1,Argentina,EDENOR,https://www.enre.gov.ar/web/Tarifasd.nsf/todoscuadros/0A852DD6B52020210325823B005E0586?opendocument,2017-08-01,2017-08-31,ARS,Cargo Fijo 601-700,$/bim,,Tarifa 1 -R7 10% <= ahorro <= 20%
2,Argentina,EDENOR,https://www.enre.gov.ar/web/Tarifasd.nsf/todoscuadros/0A852DD6B52020210325823B005E0586?opendocument,2017-08-01,2017-08-31,ARS,Cargo Variable 601-700,$/kWh,,Tarifa 1 -R7 10% <= ahorro <= 20%
1,Argentina,EDENOR,https://www.enre.gov.ar/web/Tarifasd.nsf/todoscuadros/0A852DD6B52020210325823B005E0586?opendocument,2017-08-01,2017-08-31,ARS,Cargo Fijo 601-700,$/bim,,Tarifa 1 -R7 Ahorro > 20%
2,Argentina,EDENOR,https://www.enre.gov.ar/web/Tarifasd.nsf/todoscuadros/0A852DD6B52020210325823B005E0586?opendocument,2017-08-01,2017-08-31,ARS,Cargo Variable 601-700,$/kWh,,Tarifa 1 -R7 Ahorro > 20%
1,Argentina,EDESUR,https://www.enre.gov.ar/web/Tarifasd.nsf/todoscuadros/0A852DD6B52020210325823B005E0586?opendocument,2017-08-01,2017-08-31,ARS,Cargo Fijo 601-700,$/bim,443.59,Tarifa 1 -R7 Sin ahorro
2,Argentina,EDESUR,https://www.enre.gov.ar/web/Tarifasd.nsf/todoscuadros/0A852DD6B52020210325823B005E0586?opendocument,2017-08-01,2017-08-31,ARS,Cargo Variable 601-700,$/kWh,1.138,Tarifa 1 -R7 Sin ahorro
1,Argentina,EDESUR,https://www.enre.gov.ar/web/Tarifasd.nsf/todoscuadros/0A852DD6B52020210325823B005E0586?opendocument,2017-08-01,2017-08-31,ARS,Cargo Fijo 601-700,$/bim,,Tarifa 1 -R7 10% <= ahorro <= 20%
2,Argentina,EDESUR,https://www.enre.gov.ar/web/Tarifasd.nsf/todoscuadros/0A852DD6B52020210325823B005E0586?opendocument,2017-08-01,2017-08-31,ARS,Cargo Variable 601-700,$/kWh,,Tarifa 1 -R7 10% <= ahorro <= 20%
1,Argentina,EDESUR,https://www.enre.gov.ar/web/Tarifasd.nsf/todoscuadros/0A852DD6B52020210325823B005E0586?opendocument,2017-08-01,2017-08-31,ARS,Cargo Fijo 601-700,$/bim,,Tarifa 1 -R7 Ahorro > 20%
2,Argentina,EDESUR,https://www.enre.gov.ar/web/Tarifasd.nsf/todoscuadros/0A852DD6B52020210325823B005E0586?opendocument,2017-08-01,2017-08-31,ARS,Cargo Variable 601-700,$/kWh,,Tarifa 1 -R7 Ahorro > 20%
1,Argentina,EDENOR,https://www.enre.gov.ar/web/Tarifasd.nsf/todoscuadros/0A852DD6B52020210325823B005E0586?opendocument,2017-08-01,2017-08-31,ARS,Cargo Fijo 701-1400,$/bim,480.15,Tarifa 1 -R8 Sin ahorro
2,Argentina,EDENOR,https://www.enre.gov.ar/web/Tarifasd.nsf/todoscuadros/0A852DD6B52020210325823B005E0586?opendocument,2017-08-01,2017-08-31,ARS,Cargo Variable 701-1400,$/kWh,1.089,Tarifa 1 -R8 Sin ahorro
1,Argentina,EDENOR,https://www.enre.gov.ar/web/Tarifasd.nsf/todoscuadros/0A852DD6B52020210325823B005E0586?opendocument,2017-08-01,2017-08-31,ARS,Cargo Fijo 701-1400,$/bim,,Tarifa 1 -R8 10% <= ahorro <= 20%
2,Argentina,EDENOR,https://www.enre.gov.ar/web/Tarifasd.nsf/todoscuadros/0A852DD6B52020210325823B005E0586?opendocument,2017-08-01,2017-08-31,ARS,Cargo Variable 701-1400,$/kWh,,Tarifa 1 -R8 10% <= ahorro <= 20%
1,Argentina,EDENOR,https://www.enre.gov.ar/web/Tarifasd.nsf/todoscuadros/0A852DD6B52020210325823B005E0586?opendocument,2017-08-01,2017-08-31,ARS,Cargo Fijo 701-1400,$/bim,,Tarifa 1 -R8 Ahorro > 20%
2,Argentina,EDENOR,https://www.enre.gov.ar/web/Tarifasd.nsf/todoscuadros/0A852DD6B52020210325823B005E0586?opendocument,2017-08-01,2017-08-31,ARS,Cargo Variable 701-1400,$/kWh,,Tarifa 1 -R8 Ahorro > 20%
1,Argentina,EDESUR,https://www.enre.gov.ar/web/Tarifasd.nsf/todoscuadros/0A852DD6B52020210325823B005E0586?opendocument,2017-08-01,2017-08-31,ARS,Cargo Fijo 701-1400,$/bim,545.96,Tarifa 1 -R8 Sin ahorro
2,Argentina,EDESUR,https://www.enre.gov.ar/web/Tarifasd.nsf/todoscuadros/0A852DD6B52020210325823B005E0586?opendocument,2017-08-01,2017-08-31,ARS,Cargo Variable 701-1400,$/kWh,1.138,Tarifa 1 -R8 Sin ahorro
1,Argentina,EDESUR,https://www.enre.gov.ar/web/Tarifasd.nsf/todoscuadros/0A852DD6B52020210325823B005E0586?opendocument,2017-08-01,2017-08-31,ARS,Cargo Fijo 701-1400,$/bim,,Tarifa 1 -R8 10% <= ahorro <= 20%
2,Argentina,EDESUR,https://www.enre.gov.ar/web/Tarifasd.nsf/todoscuadros/0A852DD6B52020210325823B005E0586?opendocument,2017-08-01,2017-08-31,ARS,Cargo Variable 701-1400,$/kWh,,Tarifa 1 -R8 10% <= ahorro <= 20%
1,Argentina,EDESUR,https://www.enre.gov.ar/web/Tarifasd.nsf/todoscuadros/0A852DD6B52020210325823B005E0586?opendocument,2017-08-01,2017-08-31,ARS,Cargo Fijo 701-1400,$/bim,,Tarifa 1 -R8 Ahorro > 20%
2,Argentina,EDESUR,https://www.enre.gov.ar/web/Tarifasd.nsf/todoscuadros/0A852DD6B52020210325823B005E0586?opendocument,2017-08-01,2017-08-31,ARS,Cargo Variable 701-1400,$/kWh,,Tarifa 1 -R8 Ahorro > 20%
1,Argentina,EDENOR,https://www.enre.gov.ar/web/Tarifasd.nsf/todoscuadros/0A852DD6B52020210325823B005E0586?opendocument,2017-08-01,2017-08-31,ARS,Cargo Fijo + 1400,$/bim,780.23,Tarifa 1 -R9 Sin ahorro
2,Argentina,EDENOR,https://www.enre.gov.ar/web/Tarifasd.nsf/todoscuadros/0A852DD6B52020210325823B005E0586?opendocument,2017-08-01,2017-08-31,ARS,Cargo Variable + 1400,$/kWh,1.089,Tarifa 1 -R9 Sin ahorro
1,Argentina,EDENOR,https://www.enre.gov.ar/web/Tarifasd.nsf/todoscuadros/0A852DD6B52020210325823B005E0586?opendocument,2017-08-01,2017-08-31,ARS,Cargo Fijo + 1400,$/bim,,Tarifa 1 -R9 10% <= ahorro <= 20%
2,Argentina,EDENOR,https://www.enre.gov.ar/web/Tarifasd.nsf/todoscuadros/0A852DD6B52020210325823B005E0586?opendocument,2017-08-01,2017-08-31,ARS,Cargo Variable + 1400,$/kWh,,Tarifa 1 -R9 10% <= ahorro <= 20%
1,Argentina,EDENOR,https://www.enre.gov.ar/web/Tarifasd.nsf/todoscuadros/0A852DD6B52020210325823B005E0586?opendocument,2017-08-01,2017-08-31,ARS,Cargo Fijo + 1400,$/bim,,Tarifa 1 -R9 Ahorro > 20%
2,Argentina,EDENOR,https://www.enre.gov.ar/web/Tarifasd.nsf/todoscuadros/0A852DD6B52020210325823B005E0586?opendocument,2017-08-01,2017-08-31,ARS,Cargo Variable + 1400,$/kWh,,Tarifa 1 -R9 Ahorro > 20%
1,Argentina,EDESUR,https://www.enre.gov.ar/web/Tarifasd.nsf/todoscuadros/0A852DD6B52020210325823B005E0586?opendocument,2017-08-01,2017-08-31,ARS,Cargo Fijo + 1400,$/bim,887.19,Tarifa 1 -R9 Sin ahorro
2,Argentina,EDESUR,https://www.enre.gov.ar/web/Tarifasd.nsf/todoscuadros/0A852DD6B52020210325823B005E0586?opendocument,2017-08-01,2017-08-31,ARS,Cargo Variable + 1400,$/kWh,1.138,Tarifa 1 -R9 Sin ahorro
1,Argentina,EDESUR,https://www.enre.gov.ar/web/Tarifasd.nsf/todoscuadros/0A852DD6B52020210325823B005E0586?opendocument,2017-08-01,2017-08-31,ARS,Cargo Fijo + 1400,$/bim,,Tarifa 1 -R9 10% <= ahorro <= 20%
2,Argentina,EDESUR,https://www.enre.gov.ar/web/Tarifasd.nsf/todoscuadros/0A852DD6B52020210325823B005E0586?opendocument,2017-08-01,2017-08-31,ARS,Cargo Variable + 1400,$/kWh,,Tarifa 1 -R9 10% <= ahorro <= 20%
1,Argentina,EDESUR,https://www.enre.gov.ar/web/Tarifasd.nsf/todoscuadros/0A852DD6B52020210325823B005E0586?opendocument,2017-08-01,2017-08-31,ARS,Cargo Fijo + 1400,$/bim,,Tarifa 1 -R9 Ahorro > 20%
2,Argentina,EDESUR,https://www.enre.gov.ar/web/Tarifasd.nsf/todoscuadros/0A852DD6B52020210325823B005E0586?opendocument,2017-08-01,2017-08-31,ARS,Cargo Variable + 1400,$/kWh,,Tarifa 1 -R9 Ahorro > 20%
